asin,title,category,url
B07BMJPH8L,Goal Zero Crush Light Solar Powered Lantern,Camping Lantern,https://www.amazon.com/dp/B07BMJPH8L
B082TMBYR6,Jackery Portable Power Station Explorer 240,Generator,https://www.amazon.com/dp/B082TMBYR6
B0B9XB57XM,EcoFlow Portable Power Station River 2 Max,Generator,https://www.amazon.com/dp/B0B9XB57XM
B08WWX5GTZ,Lichamp LED Camping Lanterns (4 Pack),Camping Lantern,https://www.amazon.com/dp/B08WWX5GTZ
B0BX9FCSQQ,Anker 625 Solar Panel (100W),Solar,https://www.amazon.com/dp/B0BX9FCSQQ
B0716JV1SG,LuminAID PackLite Max Solar Inflatable Lantern,Camping Lantern,https://www.amazon.com/dp/B0716JV1SG
B09WW3CTF4,Bluetti EB3A Portable Power Station,Generator,https://www.amazon.com/dp/B09WW3CTF4
B09NQL39X5,Black Diamond Moji Lantern,Camping Lantern,https://www.amazon.com/dp/B09NQL39X5
B071G4CQSR,BigBlue 28W Solar Phone Charger,Portable Solar,https://www.amazon.com/dp/B071G4CQSR
B0D3DZWXT4,Renogy 100W N-Type Monocrystalline Solar Panel,Solar,https://www.amazon.com/dp/B0D3DZWXT4
B09NTNTVRJ,Belkin BoostCharge 20K Portable Power Bank,Power Bank,https://www.amazon.com/dp/B09NTNTVRJ
B0D5CCY5Y2,Jackery SolarSaga 200W Portable Solar Panel,Solar,https://www.amazon.com/dp/B0D5CCY5Y2
B01EXWCPLC,BigBlue 63W Foldable Solar Charger,Portable Solar,https://www.amazon.com/dp/B01EXWCPLC
B09W2CFT61,ALLPOWERS SP033 200W Portable Solar Panel,Solar,https://www.amazon.com/dp/B09W2CFT61
B0BJDBQXQ3,BLAVOR Solar Power Bank 20,000mAh,Power Bank,https://www.amazon.com/dp/B0BJDBQXQ3
B09H6GGK55,FlexSolar 40W Portable Solar Charger,Portable Solar,https://www.amazon.com/dp/B09H6GGK55
B075YRKVMH,ALLPOWERS 60W Foldable Solar Panel,Solar,https://www.amazon.com/dp/B075YRKVMH
B0B7KY3D15,Portable 100W Solar Panel Foldable,Solar,https://www.amazon.com/dp/B0B7KY3D15
B079JVBVL3,Renogy 100W Solar Suitcase with Controller,Solar,https://www.amazon.com/dp/B079JVBVL3
B07H8CM4F1,Hiluckey 25000mAh Solar Power Bank,Power Bank,https://www.amazon.com/dp/B07H8CM4F1
B0D7PPG25F,Jackery Explorer 1000 Plus Portable Power Station,Generator,https://www.amazon.com/dp/B0D7PPG25F
B0F42CSQWG,Bluetti AC200P Elite V2 Solar Generator,Generator,https://www.amazon.com/dp/B0F42CSQWG
B0CHVYPYD8,Jackery Explorer 500 Portable Power Station,Generator,https://www.amazon.com/dp/B0CHVYPYD8
B0CRDBGN2N,Goal Zero Yeti 300 Solar Generator,Generator,https://www.amazon.com/dp/B0CRDBGN2N
B0CBB6HFMM,Anker SOLIX F2000 Portable Power Station,Generator,https://www.amazon.com/dp/B0CBB6HFMM
B0C1Z4GLKS,EcoFlow Delta Pro Ultra Portable Power Station,Generator,https://www.amazon.com/dp/B0C1Z4GLKS
B0DCC2BVFW,EcoFlow River 2 Pro Portable Power Station,Generator,https://www.amazon.com/dp/B0DCC2BVFW
B08HRM4J8Y,Goal Zero Lighthouse 600 Lantern & USB Power Hub,Camping Lantern,https://www.amazon.com/dp/B08HRM4J8Y
B07HFJH6D3,Goal Zero Crush Light Chroma Solar Lantern,Camping Lantern,https://www.amazon.com/dp/B07HFJH6D3
B07Q416Q8Z,UST 30-Day LED Lantern 1000 Lumens,Camping Lantern,https://www.amazon.com/dp/B07Q416Q8Z
B0BHN322QV,Rechargeable Portable LED Desk/Camping Lantern,Camping Lantern,https://www.amazon.com/dp/B0BHN322QV
B001QC78QK,Primus Micron Lantern with Piezo Ignition,Camping Lantern,https://www.amazon.com/dp/B001QC78QK
B075MGL7R8,Goal Zero Lighthouse Mini Core Lantern,Camping Lantern,https://www.amazon.com/dp/B075MGL7R8
B0DXQQYF7X,BioLite SiteLight String Solar Rechargeable Lights,Camping Lantern,https://www.amazon.com/dp/B0DXQQYF7X

